Wall time,Step,Value
1614297834.851975,1632,0.9416190981864929
1614298248.5962381,3264,0.9698584675788879
1614298663.3054996,4896,0.9688760638237
1614299077.3563564,6528,0.9754854440689087
1614299492.7162745,8160,0.9745089411735535
1614299907.6289234,9792,0.9758479595184326
1614300311.506685,11424,0.9759231209754944
1614300717.1673706,13056,0.9740388989448547
1614301121.6211927,14688,0.9756481051445007
1614301525.436689,16320,0.9743406176567078
1614301929.7143528,17952,0.9778004288673401
1614302333.696527,19584,0.9801198244094849
1614302738.347886,21216,0.9813552498817444
1614303142.4410944,22848,0.9782246351242065
1614303545.9944093,24480,0.9798679351806641
1614303951.1592898,26112,0.978237509727478
1614304355.913087,27744,0.979648232460022
1614304759.7856138,29376,0.9797049760818481
1614305163.6500752,31008,0.9798040986061096
1614305579.0819185,32640,0.9784704446792603
1614305983.7761524,34272,0.9784829616546631
1614306387.8915927,35904,0.9797638654708862
1614306792.7896264,37536,0.9802387356758118
1614307197.4938586,39168,0.9805471301078796
1614307602.7978697,40800,0.9792969226837158
1614308007.1346679,42432,0.9807424545288086
1614308412.1070774,44064,0.9809419512748718
1614308817.3208523,45696,0.9822325110435486
1614309221.7690544,47328,0.9809877276420593
1614309626.6876643,48960,0.9797781705856323
1614310032.6874435,50592,0.980201005935669
1614310449.048051,52224,0.9801070690155029
1614310853.4604475,53856,0.9801143407821655
1614311258.5153372,55488,0.9802623987197876
1614311663.3289664,57120,0.9804540276527405
1614312068.7287326,58752,0.9801499247550964
1614312473.933621,60384,0.9804465174674988
1614312879.0413165,62016,0.9800724983215332
1614313284.0120196,63648,0.9801467657089233
1614313689.259989,65280,0.9796093106269836
1614314093.5494158,66912,0.9796274900436401
1614314498.0968366,68544,0.979621410369873
1614314902.5301287,70176,0.9796533584594727
1614315306.9132538,71808,0.9796561598777771
1614315711.5387702,73440,0.9796491265296936
1614316115.6597614,75072,0.9796444177627563
1614316519.7505665,76704,0.9796547889709473
1614316924.6738837,78336,0.9796503186225891
1614317329.2952363,79968,0.9796540141105652
1614317733.7830615,81600,0.9796687364578247
