Wall time,Step,Value
1614348152.7415533,410,0.8324451446533203
1614348294.4761055,820,0.8721460700035095
1614348426.4300754,1230,0.8942461609840393
1614348557.941712,1640,0.9224388003349304
1614348689.8709617,2050,0.9261924028396606
1614348809.7375014,2460,0.9298139214515686
1614348941.4042566,2870,0.9336029887199402
1614349073.0763087,3280,0.9413772821426392
1614349205.1840453,3690,0.9467214941978455
1614349324.52479,4100,0.9521313309669495
1614349456.0995815,4510,0.9469563961029053
1614349588.3104866,4920,0.9483453631401062
1614349720.4891768,5330,0.957775354385376
1614349840.9272954,5740,0.9571516513824463
1614349961.1517773,6150,0.9519350528717041
1614350092.9696777,6560,0.9563423991203308
1614350212.8623211,6970,0.9514236450195312
1614350343.8471766,7380,0.9524468779563904
1614350464.1240833,7790,0.9495417475700378
1614350583.7637918,8200,0.952193558216095
1614350703.034806,8610,0.9546840786933899
1614350822.8396716,9020,0.95731121301651
1614350943.6010404,9430,0.9622451066970825
1614351062.6791945,9840,0.9543222784996033
1614351182.84157,10250,0.9574033617973328
1614351303.070678,10660,0.9595703482627869
1614351422.7068107,11070,0.9524050354957581
1614351542.84773,11480,0.9625383615493774
1614351662.4935055,11890,0.9564718008041382
1614351782.5558476,12300,0.9547664523124695
1614351902.3764353,12710,0.9619683027267456
1614352033.6418967,13120,0.9619508981704712
1614352153.9410865,13530,0.9632192850112915
1614352274.2534134,13940,0.9634712934494019
1614352394.8719518,14350,0.9636556506156921
1614352515.0549555,14760,0.9631072878837585
1614352635.3027868,15170,0.9629759788513184
1614352755.115098,15580,0.9625657200813293
1614352875.0523896,15990,0.9631093144416809
1614352995.4774203,16400,0.9633830189704895
1614353115.4062343,16810,0.9633764624595642
1614353236.6968248,17220,0.9633497595787048
1614353356.8485591,17630,0.9633945822715759
1614353476.6266685,18040,0.9633955359458923
1614353597.2220345,18450,0.9634425640106201
1614353717.3761237,18860,0.9634777903556824
1614353837.593093,19270,0.9635303616523743
1614353957.3991733,19680,0.9636307954788208
1614354077.2211437,20090,0.9635708332061768
1614354196.6774797,20500,0.9636260271072388
