Wall time,Step,Value
1614515953.2012095,410,0.9021227955818176
1614516086.6887298,820,0.9235309362411499
1614516219.0780363,1230,0.9420321583747864
1614516353.8730423,1640,0.9446730613708496
1614516486.172351,2050,0.9416425824165344
1614516607.09546,2460,0.9589226245880127
1614516739.0100827,2870,0.9619458913803101
1614516870.8747733,3280,0.9598219394683838
1614516990.7387414,3690,0.9626531600952148
1614517123.2114303,4100,0.9653974771499634
1614517254.2379794,4510,0.9633435606956482
1614517373.6646774,4920,0.965800404548645
1614517504.79672,5330,0.963507890701294
1614517625.407567,5740,0.9643327593803406
1614517745.0178127,6150,0.9634289145469666
1614517864.7955503,6560,0.9680156707763672
1614517985.050095,6970,0.9628552198410034
1614518104.6018407,7380,0.9685612916946411
1614518224.3122563,7790,0.9653781652450562
1614518355.5582035,8200,0.9666553735733032
1614518486.462237,8610,0.9641469717025757
1614518618.197474,9020,0.9649357795715332
1614518737.9222987,9430,0.9661478400230408
1614518857.3783529,9840,0.9658890962600708
1614518976.449295,10250,0.9669316411018372
1614519096.3301253,10660,0.9674475193023682
1614519216.451973,11070,0.9665830135345459
1614519337.1876652,11480,0.9670602679252625
1614519456.9427726,11890,0.9669484496116638
1614519577.0069053,12300,0.9627629518508911
1614519697.190902,12710,0.9647443890571594
1614519817.4842002,13120,0.9665974974632263
1614519937.1139693,13530,0.9660705327987671
1614520057.3582432,13940,0.9670061469078064
1614520177.6421537,14350,0.9669889211654663
1614520297.9033816,14760,0.9654973149299622
1614520418.5160966,15170,0.9676859974861145
1614520537.742095,15580,0.9676206111907959
1614520657.417468,15990,0.9675061106681824
1614520777.9110968,16400,0.9669290781021118
1614520898.1116068,16810,0.9667879343032837
1614521018.685006,17220,0.9668996930122375
1614521139.044316,17630,0.9670189619064331
1614521259.4106133,18040,0.9670688509941101
1614521379.1410484,18450,0.9670593738555908
1614521498.4969373,18860,0.966941773891449
1614521617.6488774,19270,0.9668931365013123
1614521737.3148618,19680,0.9671090841293335
1614521857.0113404,20090,0.9669218063354492
1614521977.3296208,20500,0.9669218063354492
