Wall time,Step,Value
1614110191.9501405,410,0.7642495632171631
1614110326.387406,820,0.8652566075325012
1614110460.2062035,1230,0.9053269624710083
1614110594.7822666,1640,0.9263280630111694
1614110726.4099603,2050,0.93653804063797
1614110857.9116247,2460,0.9415104389190674
1614110989.6231165,2870,0.9439023733139038
1614111109.3890386,3280,0.9411295652389526
1614111229.8105047,3690,0.9467464685440063
1614111361.7261908,4100,0.9536264538764954
1614111492.8525667,4510,0.9549331068992615
1614111624.305843,4920,0.9555757641792297
1614111743.6714773,5330,0.9603368043899536
1614111863.3951318,5740,0.9560640454292297
1614111982.2507155,6150,0.955064594745636
1614112113.4989202,6560,0.9564300179481506
1614112232.7536757,6970,0.956797182559967
1614112352.1766396,7380,0.9556170701980591
1614112471.0618887,7790,0.9575445652008057
1614112590.1098454,8200,0.9564840197563171
1614112709.269818,8610,0.957919180393219
1614112828.209014,9020,0.9610963463783264
1614112947.5272646,9430,0.9575806856155396
1614113067.3473434,9840,0.9505088329315186
1614113186.312887,10250,0.9574336409568787
1614113305.4526258,10660,0.958376407623291
1614113424.4470317,11070,0.9544492959976196
1614113543.0515783,11480,0.9534822106361389
1614113661.2697554,11890,0.9591144323348999
1614113780.6661925,12300,0.959677517414093
1614113900.10804,12710,0.9564335346221924
1614114019.5838277,13120,0.9585492610931396
1614114138.527579,13530,0.9586979150772095
1614114257.301703,13940,0.9594940543174744
1614114376.232105,14350,0.9553515315055847
1614114495.1980648,14760,0.9553823471069336
1614114613.8263478,15170,0.956129252910614
1614114732.7306104,15580,0.9562100768089294
1614114851.722071,15990,0.9547207355499268
1614114970.5095954,16400,0.9555961489677429
1614115089.4611084,16810,0.9550003409385681
1614115208.3636198,17220,0.9551297426223755
1614115327.5027995,17630,0.9551048278808594
1614115446.2475717,18040,0.9551447629928589
1614115565.5663242,18450,0.9550659656524658
1614115684.29441,18860,0.9554874897003174
1614115803.6213133,19270,0.9550737142562866
1614115925.0624864,19680,0.9554480910301208
1614116043.8455565,20090,0.955453634262085
1614116162.3364947,20500,0.9550747871398926
