Wall time,Step,Value
1614541889.3727255,205,0.785690426826477
1614541969.0515096,410,0.893736720085144
1614542053.7660878,615,0.9033415913581848
1614542136.9211836,820,0.8951107859611511
1614542220.1037598,1025,0.8877438306808472
1614542335.0203638,1435,0.9058012962341309
1614542417.7855682,1640,0.8972634673118591
1614542531.9616792,2050,0.912738025188446
1614542614.7109354,2255,0.9392159581184387
1614542729.0652602,2665,0.9368153810501099
1614542843.4940317,3075,0.946156919002533
1614542957.7946234,3485,0.942126989364624
1614543071.343266,3895,0.9325615763664246
1614543185.5298948,4305,0.9363928437232971
1614543299.696609,4715,0.9414404034614563
1614543414.4071124,5125,0.9191222786903381
1614543528.4413905,5535,0.9306967854499817
1614543642.2759895,5945,0.9320170283317566
1614543756.3833365,6355,0.9442561864852905
1614543871.0945868,6765,0.9456303119659424
1614543985.2559001,7175,0.9464559555053711
1614544099.5473826,7585,0.9497619867324829
1614544213.6015046,7995,0.948546826839447
1614544328.378415,8405,0.95025634765625
1614544443.049887,8815,0.950133740901947
1614544557.227535,9225,0.950311541557312
1614544672.0096297,9635,0.9500184059143066
1614544786.3676324,10045,0.9499885439872742
1614544857.4276447,10250,0.9500615000724792
